,0191,0192,0280,0580,0680,0791,1000,1300,1600,1700,1900,2000,2300,2400,2500,2900,3500,4180,4500,4900,5280,5500,5800,6480,6800,6900,7800,8400,8591,8592,8691,8692,9080,9480,9700
0191,0.10548360945737215,0.09705890428201912,0.07667969922024388,0.07743058917107665,0.07086443560501368,0.07548738785210421,0.11143035085408841,0.06871703206999144,0.07550961954669563,0.10963652536373239,0.0666691785513845,0.0818098969730586,0.0938331275280833,0.08970857675952049,0.09068755542320692,0.07271739304148181,0.1419419325682668,0.09898369464685393,0.22294955689686963,0.15531437456651737,0.09165111276804969,0.11101467153454739,0.10162093339381309,0.10290744071591354,0.0849400500046447,0.09411916457508712,0.1273700979702604,0.06583927068392756,0.06583927068392756,0.07218670919386033,0.06583927068392756,0.07316486395872175,0.07216411549421554,0.07296007510648529,0.06583927068392756
0192,0.07245510850025806,0.06666830493235809,0.052670134775916436,0.05318590981565213,0.048675717459647216,0.05185115398838885,0.07653983593173809,0.047200698194338975,0.05186642460580564,0.07530768411969,0.04579405834150703,0.056193990631059364,0.06445256728452492,0.061619475252612514,0.062291921006618525,0.04994848611817434,0.09749778356917342,0.0679904145514901,0.1531407051592713,0.10668311331737668,0.06295377408811567,0.07625431204462813,0.06980189427364761,0.07068557684849194,0.05834404577889382,0.0646490418399783,0.087488609041703,0.0452240070805468,0.0452240070805468,0.04958396734642821,0.0452240070805468,0.05025584717669435,0.04956844807317234,0.05011518078705556,0.0452240070805468
0280,0.2503162025097599,0.23032408982413063,0.1819635412282584,0.18374542868889895,0.16816372235359373,0.1791341456907218,0.26442802264362775,0.16306786053289987,0.1791869022601463,0.2601712135808645,0.15820823429607594,0.19413767544887056,0.22266921157960315,0.21288151194781735,0.21520466170248229,0.17256085354103534,0.33683304657624,0.2348916830002774,0.5290669016802183,0.36856630747339236,0.21749121614162384,0.2634416014426032,0.2411499404835615,0.24420286623217577,0.20156563533924277,0.2233479872467558,0.3022535861374375,0.15623883462456822,0.15623883462456822,0.17130152267292012,0.15623883462456822,0.17362271728757622,0.1712479070531587,0.17313674635738274,0.15623883462456822
0580,0.20402256731375507,0.18772780846374043,0.14831109000003345,0.14976343407819956,0.13706341826706153,0.14600496464447726,0.21552453859773302,0.13290998832161657,0.14604796438092552,0.21205498646790008,0.12894910440327154,0.1582337322165903,0.18148862819389028,0.1735110718593379,0.17540457684402855,0.14064734125998982,0.27453893207699437,0.1914506680984695,0.43122093767511316,0.3004034238380572,0.1772682544737582,0.21472054675114888,0.19655151952497818,0.19903983527444016,0.1642879605547589,0.18204187066423014,0.24635461869930225,0.12734392673990313,0.12734392673990313,0.13962091183099468,0.12734392673990313,0.14151282326049366,0.13957721191751657,0.14111672809835943,0.12734392673990313
0680,0.06361713622528241,0.0585361988213072,0.0462455057814388,0.04669836730692185,0.042738321873918725,0.04552642311902244,0.06720361434712092,0.04144322338495992,0.045539831047994694,0.06612175868090504,0.04020816348387369,0.04933952665332926,0.05659073373679646,0.05410321828807842,0.05469364005435816,0.04385584000078071,0.08560514099514617,0.05969703936776471,0.1344608172344186,0.09367005713371636,0.05527476122743013,0.06695291826236134,0.061287557340054,0.062063449556730196,0.051227321096852414,0.05676324260218633,0.07681687150529447,0.039707646274327706,0.039707646274327706,0.04353578471635913,0.039707646274327706,0.04412570958948121,0.04352215846223748,0.04400220148829691,0.039707646274327706
0791,0.125169253029652,0.11517230602320615,0.0909898772265185,0.09188090034126307,0.08408935299689368,0.08957505340605455,0.1322257917887688,0.08154119506207641,0.08960143404111157,0.13009719761334718,0.07911116544366674,0.09707748670364508,0.11134452587036893,0.10645024000510833,0.10761191838050671,0.08628811448611048,0.16843152945325657,0.1174563061009851,0.2645570211678296,0.18429957364243266,0.10875529746779462,0.13173253724245135,0.12058571365269706,0.1221123125371386,0.10079179757002159,0.11168394394391089,0.15114025869292871,0.07812637786967878,0.07812637786967878,0.08565839294791713,0.07812637786967878,0.08681909366620814,0.0856315827494203,0.08657608655074156,0.07812637786967878
1000,0.19791354185251656,0.18210669518795344,0.14387022722233447,0.14527908392031114,0.13295934329622663,0.14163315392655476,0.2090711108659349,0.12893027905023477,0.14167486612658856,0.20570544715677677,0.1250879954466724,0.15349575684619227,0.17605433401183204,0.16831564877574642,0.17015245674738227,0.13643595327421157,0.2663184428034702,0.18571808164304054,0.4183089362119358,0.2914084769111924,0.17196033048129072,0.2082911928594464,0.19066619883211255,0.1930800072147219,0.1593687040861324,0.17659101080327647,0.2389780492445453,0.12353088144285128,0.12353088144285128,0.13544025810956012,0.12353088144285128,0.1372755202416535,0.13539786669782083,0.13689128531371986,0.12353088144285128
1300,0.1563962486757457,0.14390528166767402,0.11368986489296237,0.11480317881995704,0.10506781053626064,0.11192207342100056,0.1652132397805774,0.10188394283398756,0.11195503544850123,0.1625536078347822,0.09884767388381499,0.1212962000158537,0.13912255394365863,0.1330072506183911,0.13445874238400068,0.10781511500858773,0.21045151846490118,0.1467590898952834,0.33055822152806713,0.23027829321141344,0.13588736958866865,0.1645969289948285,0.1506692163026796,0.15257666827654953,0.1259371503439605,0.13954664941558845,0.18884645319291105,0.0976172033122784,0.0976172033122784,0.10702829169615309,0.0976172033122784,0.10847856190055348,0.1069947929385136,0.10817492981567171,0.0976172033122784
1600,0.4082713881640631,0.375663800174724,0.2967866515537011,0.29969295030629384,0.27427883483275867,0.2921718434342378,0.43128808599588314,0.26596736894055056,0.2922578905922633,0.4243451341302884,0.2580412086290172,0.31664293983272757,0.36317852061317313,0.3472145611269858,0.3510036709238759,0.28145065525763224,0.5493823177500871,0.3831136479588339,0.8629200835380227,0.6011399840439724,0.35473309293340255,0.4296792107052752,0.3933210074688077,0.3983003984185405,0.32875811042601344,0.36428561907944046,0.4929824356259416,0.2548290732191851,0.2548290732191851,0.2793966581270901,0.2548290732191851,0.2831825790464027,0.2793092098385343,0.2823899494671419,0.2548290732191851
1700,0.06876472487445291,0.06327266277578493,0.0499874667491989,0.05047697162247376,0.0461964986108236,0.04921019942191863,0.0726414033285588,0.044796607063313496,0.04922469225516482,0.07147200917384929,0.04346161213363114,0.053331840712496054,0.06116978013712775,0.05848098706027012,0.05911918287867888,0.0474044408587071,0.09253189184002515,0.06452743288234211,0.14534073132082184,0.10124938169119382,0.05974732554520042,0.0723704221382935,0.06624664781815809,0.06708532145198892,0.05537238628293311,0.0613562475792479,0.08303251840937968,0.04292059551057101,0.04292059551057101,0.04705848826033915,0.04292059551057101,0.047696146979417334,0.047043759436136395,0.04756264520455546,0.04292059551057101
1900,0.5748184906468917,0.5289092130069519,0.41785552462395137,0.4219473966256772,0.38616604157330486,0.4113581870324448,0.6072244438704514,0.3744640599558658,0.4114793356089422,0.5974492374080004,0.363304562526009,0.4458118350323921,0.5113307841458259,0.4888546093203914,0.49418941954096085,0.3962634794818358,0.7734931318534977,0.539398094625789,1.2149330919287695,0.8463644240404024,0.49944019339543416,0.6049592563187469,0.5537693661797377,0.5607800117283697,0.46286917550799683,0.512889503879381,0.6940859138727065,0.3587820932039826,0.3587820932039826,0.3933715904967159,0.3587820932039826,0.3987019109934176,0.3932484692232332,0.39758594217561327,0.3587820932039826
2000,0.1845548528839785,0.169814930423736,0.1341593322562474,0.13547309450917827,0.12398490680274529,0.13207325603766826,0.19495931277358394,0.12022779472128278,0.13211215276433308,0.19182082328526234,0.11664485603726693,0.14313516173731058,0.16417108909784955,0.15695474653789734,0.158667574380845,0.1272268539530829,0.24834258723190908,0.17318255696251253,0.3900740872000402,0.2717391042678948,0.16035342097765298,0.19423203736028094,0.17779668811965374,0.1800475702309675,0.14861169913701122,0.1646715414942049,0.22284760460551786,0.11519284349073315,0.11519284349073315,0.12629836582180343,0.11519284349073315,0.1280097521656668,0.12625883572859276,0.12765145217298354,0.11519284349073315
2300,0.2369163984029034,0.21799449368217486,0.17222275824017558,0.17390925857575734,0.15916166449707086,0.16954482451599218,0.25027279150692233,0.15433859185050267,0.16959475694663317,0.24624385585782307,0.1497391087404643,0.1837451926823029,0.21074939262310344,0.20148564332456692,0.20368443136668077,0.16332341061573505,0.3188018652320708,0.22231757670202124,0.5007451519458598,0.3488363967803827,0.2058485830957422,0.2493391749215321,0.22824082021703052,0.23113031824273256,0.19077552266919054,0.21139183240436,0.2860734954991633,0.14787513400566352,0.14787513400566352,0.16213149362961896,0.14787513400566352,0.16432843119331939,0.16208074813490206,0.16386847502046453,0.14787513400566352
2400,0.10268097164408174,0.09448010595821651,0.0746423644565597,0.07537330370054189,0.06898160899464485,0.0734817321041719,0.10846971159972074,0.06689126071568188,0.07350337311563979,0.1067235470035603,0.06489781746741792,0.0796362558553763,0.09134003620610137,0.08732507233929775,0.08827804011242624,0.07078533443569135,0.1381706184318454,0.09635375576873303,0.21702591755773593,0.15118776246680932,0.08921599630213388,0.10806507663659815,0.09892092462452215,0.10017325019946262,0.08268324255152093,0.09161847341604937,0.12398594895706025,0.06408995976664418,0.06408995976664418,0.07026875054754127,0.06408995976664418,0.07122091631235469,0.07024675714928257,0.07102156858015546,0.06408995976664418
2500,0.1646766597080645,0.15152435752159985,0.11970918325573403,0.12088144167149731,0.11063063358906802,0.1178477959326491,0.17396046706350632,0.10727819577420865,0.11788250313715033,0.17116002070628925,0.10408117133837079,0.12771823635811916,0.14648840792208653,0.1400493294068814,0.14157767051210773,0.11352339430126286,0.22159388978147906,0.1545292608383313,0.3480596511821735,0.24247039459336328,0.1430819364905108,0.17331152565731187,0.158646409179538,0.16065485134020455,0.1326049021469399,0.1469349571603583,0.1988449427198236,0.10278555341079615,0.10278555341079615,0.11269491256995989,0.10278555341079615,0.11422196743832788,0.11265964021810268,0.11390225953010183,0.10278555341079615
2900,0.30036782822060126,0.27637822064140416,0.21834780627886352,0.22048598855120466,0.20178866394743944,0.2149526629191212,0.3173013575860621,0.19567386621302427,0.2150159683545006,0.3121933842287157,0.18984254021780927,0.23295620245796744,0.2671927219379704,0.2554479365337557,0.2582356084440977,0.20706501734338637,0.40418402667757425,0.2818591205142797,0.6348557330598423,0.4422624673157256,0.2609793676738517,0.3161176979152465,0.28936873910809036,0.2930321083492176,0.2418694096655346,0.2680072212430391,0.362690278654458,0.1874793519930835,0.1874793519930835,0.20555387873520065,0.1874793519930835,0.20833920456825145,0.20548954247927725,0.20775606200130206,0.1874793519930835
3500,0.1709587699998008,0.15730473178667587,0.12427586740805635,0.12549284531637733,0.11485098784621209,0.12234347159791571,0.18059673745198926,0.11137066072307751,0.12237950281813952,0.17768945924068114,0.10805167571221394,0.1325904510878211,0.1520766700149588,0.1453919525520037,0.14697859704645017,0.1178541020345694,0.23004728723349174,0.16042426661272488,0.3613374837584837,0.2517201921300432,0.14854024799246907,0.17992304013020957,0.16469847655581707,0.1667835370738771,0.13766353414730215,0.15254025428157333,0.20643050987508663,0.10670663235463966,0.10670663235463966,0.11699401525601832,0.10670663235463966,0.11857932444604687,0.11695739732911113,0.11824742027185224,0.10670663235463966
4180,0.1927144869246277,0.17732287543435607,0.14009085362912088,0.1414627006142212,0.12946659124650464,0.13791254673625433,0.2035789541441036,0.12554336779405745,0.13795316318499637,0.20030170414493687,0.12180201838285235,0.1494635270979322,0.17142950569410886,0.16389411048676739,0.16568266675492135,0.13285187303103096,0.25932243737865257,0.1808393932090584,0.4073202432916036,0.2837533732546537,0.1674430488682095,0.20281952405631448,0.1856575267051763,0.18800792597363852,0.15518219598479333,0.17195208434910883,0.23270025747268164,0.12028580871108992,0.12028580871108992,0.131882334105129,0.12028580871108992,0.13366938514190005,0.13184105628711373,0.133295243805728,0.12028580871108992
4500,0.1628218864571874,0.14981772025020007,0.11836088416234279,0.11951993928896645,0.10938458730495981,0.11652046187111181,0.17200112916102836,0.10606990840502652,0.11655477816414668,0.1692322245718013,0.10290889244432111,0.12627973032535053,0.14483849116363923,0.1384719367730518,0.13998306398649038,0.11224476650135466,0.2190980508444183,0.15278877897533472,0.34413941299015066,0.23973942104302134,0.14147038723418773,0.1713594968608343,0.1568595553739316,0.15884537620621958,0.13111135700293872,0.14528001086351852,0.196605327940882,0.10162786721907406,0.10162786721907406,0.1114256160605745,0.10162786721907406,0.11293547152419689,0.11139074098550705,0.11261936452503302,0.10162786721907406
4900,0.12903746280933406,0.1187315718151172,0.09380181326049249,0.09472037240539587,0.08668803637764905,0.09234326595996951,0.1363120756687433,0.08406113059377894,0.09237046185778518,0.13411769977291477,0.08155600374416168,0.10007755320851616,0.11478549858100569,0.10973996051929653,0.11093753921001834,0.0889547480262693,0.17363670942891357,0.12108615625146515,0.2727328473535345,0.18999513701681822,0.11211625309447311,0.13580357766595588,0.12431227449372725,0.1258860511362165,0.10390665052020838,0.11513540597424636,0.15581107211258827,0.08054078245875973,0.08054078245875973,0.08830556567838382,0.08054078245875973,0.0895021364986456,0.08827792694197126,0.0892516195316953,0.08054078245875973
5280,0.31699295856646814,0.29167554449310334,0.23043319092749553,0.23268971995884707,0.21295751268972432,0.22685012897063517,0.33486374587524503,0.20650426556152587,0.22691693831361018,0.32947305008596517,0.20035018011722472,0.24585015070031196,0.2819816354377986,0.26958678511356227,0.27252875253932446,0.21852590822439874,0.42655530447732876,0.2974598079962952,0.6699945139854383,0.466741357780681,0.2754243767510992,0.333614571543858,0.3053850782552973,0.3092512121916304,0.25525669713299975,0.2828412166585758,0.3827649091284669,0.19785619122552794,0.19785619122552794,0.21693112924606892,0.19785619122552794,0.21987062074095007,0.2168632320274185,0.21925520167740256,0.19785619122552794
5500,0.14471531335722962,0.13315727267522035,0.10519858732441366,0.10622874997328918,0.09722049764145659,0.10356282880091101,0.15287378033714447,0.09427442690047808,0.1035933289579099,0.15041279119124343,0.09146493104439753,0.11223681989156109,0.12873175769552164,0.1230731946258574,0.12441627726034647,0.09976261122133422,0.194733298906012,0.13579793544953137,0.30586946308681773,0.21307924994127933,0.12573820304401936,0.15230350061982206,0.1394160220283591,0.14118101007922185,0.11653114655664475,0.12912417829149736,0.17474187444786043,0.09032636195565964,0.09032636195565964,0.09903455423032653,0.09032636195565964,0.10037650653966605,0.09900355743053163,0.10009555215181451,0.09032636195565964
5800,0.11000914757022126,0.1012229992800876,0.07996947004898344,0.08075257525210545,0.07390471556723503,0.07872600523087504,0.11621102059332515,0.07166518249103192,0.0787491907265518,0.11434023503622354,0.0695294704018313,0.08531976745117732,0.09785882779621624,0.09355732241074627,0.09457830196231443,0.07583716999421534,0.14803163341329464,0.10323036846641054,0.23251470850828987,0.1619777900979905,0.09558319857787834,0.11577750748317929,0.10598075203770252,0.10732245407629565,0.08858421269096871,0.0981571366223577,0.13283462687448488,0.06866395719527332,0.06866395719527332,0.07528371834417756,0.06866395719527332,0.07630383864938613,0.07526015531243105,0.0760902637899145,0.06866395719527332
6480,0.055663380315687856,0.05121768898377786,0.04046364437229338,0.04085988671860144,0.03739494742576585,0.039834465284841906,0.05880145768815615,0.036261769102838806,0.03984619688255145,0.05785486142544471,0.035181123021201806,0.043170834144037155,0.049515456388671254,0.04733894347597409,0.04785554754326043,0.03837274743683382,0.07490232668312398,0.052233395012960225,0.11764980398949755,0.08195892370826566,0.04836401382743353,0.05858210497381499,0.05362505788940531,0.054303943895651935,0.04482260639130645,0.049666397269568806,0.06721281382611546,0.03474318316029947,0.03474318316029947,0.03809270718233831,0.03474318316029947,0.03860887648071719,0.038080784555661655,0.038500810025415826,0.03474318316029947
6800,0.012573001617331799,0.011568828245372406,0.009139751543127184,0.009229253036438083,0.008446607658350968,0.008997635314481809,0.013281816850175938,0.008190650280159337,0.00900028519661508,0.013068003814127227,0.00794655865555572,0.009751239763668573,0.0111843353696259,0.010692714123911283,0.010809402397901726,0.008667468861009905,0.016918610928546424,0.011798251494108243,0.02657422469583345,0.018512524293253816,0.010924252544928558,0.013232270415580404,0.012112594236088526,0.012265938046797003,0.010124334876085373,0.011218429237603076,0.015181737295659742,0.007847638709476426,0.007847638709476426,0.008604214589481272,0.007847638709476426,0.008720804659766775,0.008601521558557921,0.008696395080083012,0.007847638709476426
6900,0.10222129991877917,0.09405714703391725,0.0743082131147771,0.07503588016433035,0.06867279914689012,0.07315277656320149,0.10798412543243216,0.0665918087263939,0.07317432069439136,0.10624577788825057,0.06460728952201608,0.07927974836874513,0.0909311344265429,0.0869341443414257,0.08788284596539901,0.07046844985342464,0.13755207026713925,0.09592240907961988,0.216054358014017,0.1505109404762788,0.08881660320828061,0.10758130189793785,0.09847808549510395,0.09972480478634398,0.08231309462490205,0.09120832515712246,0.12343090127726306,0.06380304835639163,0.06380304835639163,0.06995417855545877,0.06380304835639163,0.07090208176146624,0.0699322836150074,0.0707036264489094,0.06380304835639163
7800,0.2791378629601914,0.25684383822198736,0.20291500720231764,0.2049020629854101,0.1875262632405223,0.1997598322040621,0.2948745323213882,0.18184365874146494,0.19981866321818986,0.2901275899625012,0.17642449023007215,0.21649088353657017,0.2483075695626921,0.23739290430682872,0.23998354387131468,0.19242968455528997,0.37561634386010745,0.2619373486910567,0.5899841992538523,0.4110034044769444,0.2425333744986758,0.29377453358670025,0.26891618826365865,0.27232063096732706,0.224774106233158,0.24906450014592504,0.3370553694108907,0.17422833189071044,0.17422833189071044,0.19102535305872304,0.17422833189071044,0.1936138123664043,0.19096556408233464,0.19307188625233385,0.17422833189071044
8400,0.09143557332640385,0.08413284874410158,0.06646769386036773,0.0671185822165078,0.06142689211459862,0.0654341714573114,0.09659034298047366,0.05956547426591139,0.06545344239192807,0.09503541456076971,0.05779034861818706,0.070914665055414,0.08133667265156559,0.07776141895881243,0.0786100197589648,0.06303307743973537,0.12303847062307909,0.08580130047273654,0.19325770764386987,0.13463000514843343,0.0794452530119013,0.09623002276487161,0.08808731853817131,0.08920249212001967,0.07362795234729527,0.08158461601944925,0.11040727552328793,0.05707096574856991,0.05707096574856991,0.06257306870366779,0.05707096574856991,0.06342095532972415,0.06255348397490079,0.06324343973074699,0.05707096574856991
8591,0.028061024126521596,0.025819862145048555,0.020398533012877498,0.020598286710490545,0.018851541461787254,0.020081351241796618,0.029642991738986314,0.01828028358849663,0.020087265375011366,0.02916579361671319,0.017735508269479568,0.021763281561548817,0.02496173262346117,0.023864508900997665,0.024124939351210465,0.019344470018153752,0.03775976206021708,0.026331899883840125,0.05930962096636066,0.04131713385924585,0.024381267382077163,0.029532411645315455,0.02703346499415923,0.027375705017894825,0.022595973011821365,0.02503782494262187,0.03388332472245623,0.01751473402017868,0.01751473402017868,0.019203296120822527,0.01751473402017868,0.01946350739532713,0.01919728568608199,0.01940902893224636,0.01751473402017868
8592,0.19626708331237652,0.1805917350659608,0.14267335932706623,0.14407049563380286,0.13185324391458544,0.14045489642246178,0.207331831619251,0.1278576977754118,0.14049626161537657,0.20399416713493276,0.1240473784356058,0.15221881340225651,0.17458972396519634,0.16691541746882274,0.16873694488843985,0.13530093169687116,0.26410291843638406,0.18417307810908595,0.4148289908075113,0.28898422654919764,0.17052977877656095,0.20655840181286428,0.1890800315166031,0.19147375923475357,0.15804290312568475,0.17512193609960772,0.23698997179212974,0.12250321818737696,0.12250321818737696,0.13431351979971048,0.12250321818737696,0.1361335142397475,0.1342714810455066,0.13575247579282573,0.12250321818737696
8691,0.04597054717985188,0.04229899755491779,0.03341758732825304,0.03374483079374693,0.03088325188256232,0.032897969102406416,0.04856218162761505,0.029947397335787312,0.032907657841447106,0.04778041904136077,0.02905492743189585,0.035653365939270765,0.04089317988124022,0.039095669759266864,0.039522315994436244,0.031690784613890015,0.061859357501089236,0.04313783561452856,0.09716308701207717,0.06768716789696727,0.03994224150333237,0.048381025466302886,0.04428716401602409,0.044847833544229256,0.03701751007843047,0.04101783696902966,0.055508842825580725,0.02869324736641347,0.02869324736641347,0.03145950861774079,0.02869324736641347,0.03188579579163041,0.03144966211418607,0.031796547275751284,0.02869324736641347
8692,1.178227720890358,1.0841256966138684,0.8564946508332808,0.86488191933841,0.7915394902069449,0.8431768063539204,1.2446514581763755,0.7675534853108607,0.843425129282807,1.2246148389324036,0.7446794312624864,0.9137977829228064,1.048094510229155,1.0020242242696644,1.012959191376395,0.8122365997247886,1.585458826911555,1.1056251634639054,2.4902954084280733,1.7348259365448722,1.0237219058891178,1.2400084155292428,1.1350825153146604,1.149452506992275,0.9487608742638752,1.05128947843052,1.42269477706608,0.7354095507544826,0.7354095507544826,0.8063089828797367,0.7354095507544826,0.8172347472255849,0.806056616437444,0.8149473027223529,0.7354095507544826
9080,0.10713264303680746,0.09857623378152708,0.07787843900100842,0.07864106767361752,0.07197226491140107,0.0766674881352888,0.11317235031042014,0.0697912908476866,0.07669006737971376,0.11135048180480837,0.06771142307363923,0.08308883753958553,0.095300028205385,0.09111099800961604,0.09210528112390172,0.0738541897774985,0.14416092198604552,0.10053111454582124,0.22643494488970028,0.1577424164238894,0.09308390183665094,0.11275017264331852,0.10320958145394302,0.10451620084639493,0.08626792450019065,0.09559053689208617,0.12936128474941402,0.06686854119108823,0.06686854119108823,0.07331520970746584,0.06686854119108823,0.07430865604285125,0.07329226279873398,0.07410066571034908,0.06686854119108823
9480,0.244763480879548,0.2252148498200784,0.17792707502608077,0.17966943518107312,0.16443337518002898,0.1751604434872154,0.2585622609140802,0.15945055399303218,0.17521202976665767,0.25439987992078067,0.15469872801623696,0.18983115250350924,0.21772977843415153,0.2081591976740589,0.21043081339391664,0.1687329655562463,0.329361136549077,0.22968112085577677,0.5173307008297185,0.3603904639316823,0.2126666455858941,0.2575977213263292,0.23580055248062085,0.23878575569801344,0.19709433922643133,0.21839349693644125,0.2955487463838502,0.15277301520177194,0.15277301520177194,0.1675015702100065,0.15277301520177194,0.16977127416039275,0.1674491439363944,0.16929608344046407,0.15277301520177194
9700,0.0,0.0,0.0,0.0,0.0,0.0,0.0,0.0,0.0,0.0,0.0,0.0,0.0,0.0,0.0,0.0,0.0,0.0,0.0,0.0,0.0,0.0,0.0,0.0,0.0,0.0,0.0,0.0,0.0,0.0,0.0,0.0,0.0,0.0,0.0
