codigo,nome,X_i,a_direto,f_typeI_aberto,f_typeII_fechado,amplif_typeII_sobre_typeI,componente_direto,componente_indireto,componente_induzido,share_induzido,multiplicador_prod_typeII
8692,Saúde privada,3448.68,0.6483640117378243,0.7354095507544826,0.7795681507770268,1.0600462694253023,0.6483640117378243,0.08704553901665824,0.04415860002254424,0.05664495141127763,1.7996004939686763
1900,"Refino de petróleo, coquerias e fabricação de biocombustíveis",328.52,0.31961524412516745,0.3587820932039826,0.40294069322652687,1.1230791638127777,0.31961524412516745,0.039166849078815125,0.04415860002254429,0.10959081761870854,2.155255635672374
1600,"Fabricação de produtos da madeira, móveis e indústrias diversas",1489.71,0.21950580985560947,0.2548290732191851,0.29898767324172915,1.1732871350380107,0.21950580985560947,0.03532326336357561,0.04415860002254407,0.14769371440555074,1.8449733278699232
5280,"Armazenamento, atividades auxiliares dos transportes e correio",2773.12,0.15433879529194555,0.19785619122552794,0.24201479124807213,1.2231853334941116,0.15433879529194555,0.04351739593358239,0.04415860002254418,0.18246240155330154,1.9488534385090877
2900,"Fabricação de automóveis, caminhões, peças e outros equipamentos de transporte",966.27,0.14695685470934625,0.1874793519930835,0.23163795201562762,1.235538471586851,0.14695685470934625,0.04052249728373725,0.044158600022544126,0.19063629098035254,1.9243892121305812
7800,Atividades administrativas e serviços complementares,5140.4,0.15582444945918605,0.17422833189071044,0.2183869319132547,1.2534524640357803,0.15582444945918605,0.018403882431524382,0.044158600022544264,0.20220349100414337,1.6955464450575224
0280,Produção florestal; pesca e aquicultura,496.0,0.12298387096774194,0.15623883462456822,0.20039743464711224,1.2826352368068685,0.12298387096774194,0.033254963656826286,0.044158600022544015,0.22035511632324356,1.879593466643413
9480,Organizações associativas e outros serviços pessoais,1657.76,0.11159637100665959,0.15277301520177194,0.19693161522431607,1.289047119769303,0.11159637100665959,0.041176644195112355,0.044158600022544126,0.2242331683119799,2.051613383563028
2300,Fabricação de produtos de minerais não-metálicos,6064.61,0.10520049929014397,0.14787513400566352,0.19203373402820764,1.298620862252966,0.10520049929014397,0.04267463471551955,0.044158600022544126,0.2299523062758219,2.010120795620555
0580,Extração de carvão mineral e de minerais não-metálicos e metálicos não ferrosos,1326.14,0.10858582050160616,0.12734392673990313,0.17150252676244726,1.346766439146619,0.10858582050160616,0.018758106238296976,0.044158600022544126,0.2574807546929579,1.7144684880511238
1000,Alimentos e bebidas,7647.78,0.0791079241296167,0.12353088144285128,0.16768948146539545,1.3574701281717407,0.0791079241296167,0.044422957313234576,0.04415860002254417,0.2633355392160168,2.2195610038584146
8592,Educação privada,1569.36,0.10258959066116125,0.12250321818737696,0.1666618182099211,1.3604688976823496,0.10258959066116125,0.019913627526215713,0.04415860002254414,0.2649593079977298,1.7777996448009377
4180,Construção,11430.34,0.0790877611689591,0.12028580871108992,0.16444440873363406,1.3671139637811063,0.0790877611689591,0.041198047542130814,0.04415860002254414,0.268532085478637,2.007987246052936
2000,"Fabricação de químicos, borracha e de material plástico",2186.4,0.0823271130625686,0.11519284349073315,0.15935144351327737,1.3833449950916146,0.0823271130625686,0.032865730428164555,0.04415860002254422,0.2771145277944399,1.9066192720164579
3500,"Geração e distribuição de eletricidade e gás, água, esgoto e limpeza urbana",6069.04,0.07101617389241133,0.10670663235463966,0.15086523237718374,1.4138318213977825,0.07101617389241133,0.03569045846222833,0.044158600022544084,0.2927022967899028,1.9863485077610954
2500,"Fabricação de produtos de metal, máquinas e equipamentos",4561.2,0.07870735771288258,0.10278555341079615,0.14694415343334022,1.4296187407393561,0.07870735771288258,0.02407819569791357,0.04415860002254407,0.3005128070139666,1.8575368934008625
4500,Comércio por atacado e a varejo,24140.11,0.07659451427520421,0.10162786721907406,0.1457864672416182,1.4345127102525301,0.07659451427520421,0.025033352943869852,0.04415860002254414,0.3028991706710211,1.8572252674975727
1300,"Fabricação de produtos têxteis, artefatos do vestuário, couro e calçados",1286.46,0.07306873124698786,0.0976172033122784,0.14177580333482254,1.4523649369597318,0.07306873124698786,0.02454847206529054,0.04415860002254414,0.3114678173838853,1.815178179625223
5500,Alojamento e alimentação,4388.64,0.06813044587844981,0.09032636195565964,0.13448496197820378,1.4888783193130393,0.06813044587844981,0.022195916077209832,0.04415860002254414,0.3283534409572202,1.7869003614991217
4900,Transporte,11216.3,0.05251286074730527,0.08054078245875973,0.12469938248130387,1.5482762728951038,0.05251286074730527,0.028027921711454462,0.04415860002254414,0.35412043864102394,1.8209456891461449
0791,"Extração de minério de ferro, inclusive beneficiamentos e a aglomeração",8143.13,0.010929458328677057,0.07812637786967878,0.12228497789222294,1.565220111652998,0.010929458328677057,0.06719691954100172,0.04415860002254415,0.3611122214984065,2.288064014096977
5800,Serviço de informação,3599.0,0.026951931091969993,0.06866395719527332,0.11282255721781745,1.6431117842066916,0.026951931091969993,0.04171202610330333,0.044158600022544126,0.39139868047212106,2.0407842498809186
9080,"Atividades artísticas, criativas e de espetáculos",926.74,0.04747825711634331,0.06686854119108823,0.11102714121363236,1.660379293999452,0.04747825711634331,0.01939028407474492,0.044158600022544126,0.39772797479831135,1.6845108501344834
0191,"Agricultura, inclusive o apoio à agricultura e a pós-colheita",3608.41,0.048497814827029084,0.06583927068392756,0.10999787070647173,1.6707030555446902,0.048497814827029084,0.017341455856898474,0.04415860002254417,0.40144958933233327,1.707946103660331
2400,Metalurgia,11379.76,0.012214668850661173,0.06408995976664418,0.10824855978918832,1.6890096386911233,0.012214668850661173,0.05187529091598301,0.04415860002254414,0.4079370673248867,2.2716880398645505
6900,"Atividades profissionais, científicas e técnicas",3774.54,0.042654204220911686,0.06380304835639163,0.10796164837893577,1.6921079973465005,0.042654204220911686,0.02114884413547994,0.04415860002254414,0.4090211726626421,1.7810813885494339
8400,Administração Pública,11880.37,0.045537302289406806,0.05707096574856991,0.10122956577111404,1.7737489534886777,0.045537302289406806,0.011533663459163103,0.04415860002254413,0.43622235940821186,1.6493191295649494
0192,"Pecuária, inclusive o apoio à pecuária",2156.44,0.025041271725621858,0.0452240070805468,0.0893826071030909,1.9764415599859353,0.025041271725621858,0.020182735354924944,0.0441586000225441,0.49404018806044725,1.8279655662232068
1700,"Fabricação de celulose, papel e produtos de papel",4579.35,0.018998329457237378,0.04292059551057101,0.08707919553311513,2.028844066519725,0.018998329457237378,0.02392226605333363,0.044158600022544126,0.5071084976405318,1.90181270836494
0680,"Extração de petróleo e gás, inclusive as atividades de apoio",25140.98,0.004693532233031489,0.039707646274327706,0.08386624629687182,2.112093114698015,0.004693532233031489,0.035014114041296215,0.04415860002254412,0.5265360257836079,1.9948970333801577
6480,"Intermediação financeira, seguros e previdência complementar",5129.09,0.019301669496928305,0.03474318316029947,0.07890178318284362,2.271000409455963,0.019301669496928305,0.015441513663371167,0.044158600022544146,0.5596654250539927,1.858802382455954
8691,Saúde pública,3383.0,0.0,0.02869324736641347,0.07285184738895759,2.538989277115891,0.0,0.02869324736641347,0.04415860002254411,0.6061424878737858,1.8036786175325796
8591,Educação pública,5019.98,0.0,0.01751473402017868,0.06167333404272283,3.5212258417209843,0.0,0.01751473402017868,0.04415860002254415,0.7160079912649812,1.6685367692801631
6800,Atividades imobiliárias,10347.78,0.001352947202201825,0.007847638709476426,0.05200623873202056,6.626991972658012,0.001352947202201825,0.006494691507274601,0.04415860002254413,0.8491019750550699,1.5337607154110762
9700,Serviços domésticos,1019.02,0.0,0.0,0.04415860002254414,,0.0,0.0,0.04415860002254414,1.0,1.4619150453930487
