cnae,total_2013,total_2014,total_2015,com_cat_2013,com_cat_2014,com_cat_2015,tipico_2013,tipico_2014,tipico_2015,trajeto_2013,trajeto_2014,trajeto_2015,doenca_2013,doenca_2014,doenca_2015,sem_cat_2013,sem_cat_2014,sem_cat_2015
0111,0,10,8,0,2,2,0,2,2,0,0,0,0,0,0,0,8,6
0112,3,9,5,3,3,1,3,2,1,0,1,0,0,0,0,0,6,4
0113,80,55,45,70,55,42,67,44,39,2,10,2,1,1,1,10,0,3
0116,1,0,0,1,0,0,1,0,0,0,0,0,0,0,0,0,0,0
0119,3,5,13,3,5,13,2,5,8,1,0,5,0,0,0,0,0,0
0121,3,10,6,3,2,1,3,2,0,0,0,1,0,0,0,0,8,5
0122,2,0,1,2,0,1,1,0,1,1,0,0,0,0,0,0,0,0
0132,9,56,19,9,56,19,6,16,18,3,40,1,0,0,0,0,0,0
0133,45,58,41,44,58,41,40,50,35,4,8,6,0,0,0,1,0,0
0134,38,38,27,32,36,26,30,24,22,2,11,4,0,1,0,6,2,1
0135,3,5,3,3,5,3,3,5,3,0,0,0,0,0,0,0,0,0
0139,15,8,16,15,8,16,14,8,15,1,0,1,0,0,0,0,0,0
0141,15,13,14,15,13,14,11,10,11,4,3,3,0,0,0,0,0,0
0142,1,1,1,1,1,1,1,1,1,0,0,0,0,0,0,0,0,0
0151,48,25,17,43,25,17,37,22,15,5,3,2,1,0,0,5,0,0
0152,1,1,2,1,1,2,1,1,1,0,0,1,0,0,0,0,0,0
0154,0,1,8,0,1,8,0,1,7,0,0,1,0,0,0,0,0,0
0155,7,15,12,7,15,12,5,11,9,2,4,3,0,0,0,0,0,0
0161,17,17,10,14,17,10,12,12,10,1,5,0,1,0,0,3,0,0
0162,1,2,0,1,2,0,1,2,0,0,0,0,0,0,0,0,0,0
0210,12,17,15,12,17,15,7,15,11,5,2,4,0,0,0,0,0,0
0220,0,3,0,0,3,0,0,3,0,0,0,0,0,0,0,0,0,0
0230,71,63,45,68,63,45,60,56,37,8,7,8,0,0,0,3,0,0
0322,0,0,1,0,0,1,0,0,0,0,0,1,0,0,0,0,0,0
0600,58,43,46,56,43,46,52,36,41,3,6,5,1,1,0,2,0,0
0710,71,98,89,71,98,89,62,82,82,4,9,7,5,7,0,0,0,0
0729,1,0,0,0,0,0,0,0,0,0,0,0,0,0,0,1,0,0
0810,146,140,130,127,140,130,93,114,106,25,19,23,9,7,1,19,0,0
0892,3,0,1,3,0,1,3,0,1,0,0,0,0,0,0,0,0,0
0893,3,6,3,3,6,3,0,5,2,3,1,1,0,0,0,0,0,0
0899,9,8,10,6,8,10,5,5,8,1,2,2,0,1,0,3,0,0
0910,62,65,71,62,65,71,59,55,66,3,9,4,0,1,1,0,0,0
0990,0,2,1,0,2,1,0,2,1,0,0,0,0,0,0,0,0,0
1011,67,156,170,61,156,170,56,144,164,5,10,6,0,2,0,6,0,0
1012,142,187,184,113,178,175,89,144,148,24,30,25,0,4,2,29,9,9
1013,2,3,3,2,3,3,1,1,3,1,2,0,0,0,0,0,0,0
1020,13,13,13,11,13,13,9,12,12,1,1,1,1,0,0,2,0,0
1031,10,10,4,10,10,4,7,8,3,3,2,1,0,0,0,0,0,0
1033,33,18,12,33,18,12,25,14,8,8,4,4,0,0,0,0,0,0
1051,4,6,3,4,6,3,4,6,3,0,0,0,0,0,0,0,0,0
1052,36,48,40,31,48,40,25,30,31,6,18,9,0,0,0,5,0,0
1053,3,1,4,3,1,4,3,1,3,0,0,0,0,0,1,0,0,0
1062,9,10,8,9,10,8,9,9,7,0,1,1,0,0,0,0,0,0
1063,0,1,1,0,1,1,0,1,1,0,0,0,0,0,0,0,0,0
1066,13,24,21,10,24,21,9,23,18,1,1,2,0,0,1,3,0,0
1069,4,0,1,2,0,1,2,0,0,0,0,1,0,0,0,2,0,0
1071,25,47,22,17,47,22,16,45,21,1,2,1,0,0,0,8,0,0
1081,5,1,1,4,1,1,3,1,1,1,0,0,0,0,0,1,0,0
1082,8,15,13,8,15,13,8,12,10,0,3,3,0,0,0,0,0,0
1091,56,50,36,49,50,36,42,41,28,7,8,8,0,1,0,7,0,0
1092,3,3,2,3,3,2,2,3,2,1,0,0,0,0,0,0,0,0
1093,66,48,36,57,48,36,32,24,25,11,15,6,14,9,5,9,0,0
1094,8,8,13,7,8,13,6,5,10,1,3,2,0,0,1,1,0,0
1095,3,1,0,3,1,0,2,1,0,1,0,0,0,0,0,0,0,0
1096,2,5,3,2,5,3,1,5,3,1,0,0,0,0,0,0,0,0
1099,12,11,4,10,11,4,8,8,4,2,3,0,0,0,0,2,0,0
1111,2,6,3,2,4,2,2,3,0,0,1,2,0,0,0,0,2,1
1112,0,1,1,0,0,0,0,0,0,0,0,0,0,0,0,0,1,1
1113,2,5,0,1,5,0,1,2,0,0,3,0,0,0,0,1,0,0
1121,4,2,1,4,2,1,3,1,1,1,1,0,0,0,0,0,0,0
1122,57,50,17,54,50,17,41,42,14,13,7,3,0,1,0,3,0,0
1311,1,0,0,1,0,0,1,0,0,0,0,0,0,0,0,0,0,0
1314,1,0,2,1,0,2,0,0,0,1,0,2,0,0,0,0,0,0
1340,9,2,2,8,2,2,6,0,2,2,2,0,0,0,0,1,0,0
1351,5,1,6,4,1,6,2,1,4,1,0,2,1,0,0,1,0,0
1353,2,0,0,1,0,0,1,0,0,0,0,0,0,0,0,1,0,0
1354,0,2,0,0,2,0,0,1,0,0,0,0,0,1,0,0,0,0
1359,0,2,2,0,2,2,0,2,2,0,0,0,0,0,0,0,0,0
1411,15,12,4,11,12,4,7,6,1,2,6,2,2,0,1,4,0,0
1412,68,54,45,47,54,45,27,24,29,18,30,15,2,0,1,21,0,0
1413,6,6,3,4,6,3,4,1,2,0,5,1,0,0,0,2,0,0
1414,5,1,5,4,1,5,4,1,2,0,0,3,0,0,0,1,0,0
1510,14,13,9,13,13,9,11,12,9,1,1,0,1,0,0,1,0,0
1521,0,0,2,0,0,1,0,0,1,0,0,0,0,0,0,0,0,1
1529,1,0,2,1,0,2,1,0,1,0,0,1,0,0,0,0,0,0
1531,5,2,1,3,2,1,3,2,1,0,0,0,0,0,0,2,0,0
1532,0,1,0,0,1,0,0,0,0,0,1,0,0,0,0,0,0,0
1539,11,11,10,8,11,10,6,8,5,2,3,5,0,0,0,3,0,0
1540,0,2,2,0,2,2,0,1,1,0,1,1,0,0,0,0,0,0
1610,45,35,30,33,35,28,30,32,26,3,3,2,0,0,0,12,0,2
1622,29,18,23,23,18,23,22,17,22,1,1,0,0,0,1,6,0,0
1623,24,35,21,23,35,21,19,34,21,4,1,0,0,0,0,1,0,0
1629,3,2,4,3,2,4,3,2,4,0,0,0,0,0,0,0,0,0
1710,74,65,55,73,65,55,69,63,52,4,1,2,0,1,1,1,0,0
1721,4,6,5,4,6,5,3,6,5,1,0,0,0,0,0,0,0,0
1731,2,1,3,2,1,3,1,1,2,1,0,1,0,0,0,0,0,0
1732,0,1,0,0,0,0,0,0,0,0,0,0,0,0,0,0,1,0
1733,2,3,5,2,3,5,1,3,5,1,0,0,0,0,0,0,0,0
1741,1,2,4,1,1,4,1,1,3,0,0,1,0,0,0,0,1,0
1749,0,0,1,0,0,0,0,0,0,0,0,0,0,0,0,0,0,1
1811,0,4,0,0,3,0,0,2,0,0,1,0,0,0,0,0,1,0
1812,4,8,12,4,5,8,2,3,4,2,2,4,0,0,0,0,3,4
1813,11,11,8,10,10,6,8,8,5,1,2,1,1,0,0,1,1,2
1821,2,0,0,2,0,0,2,0,0,0,0,0,0,0,0,0,0,0
1822,1,1,1,1,1,1,0,1,1,1,0,0,0,0,0,0,0,0
1910,3,3,2,3,3,2,3,2,2,0,1,0,0,0,0,0,0,0
1921,28,18,25,28,18,25,26,17,24,2,1,0,0,0,1,0,0,0
1931,100,94,79,97,93,78,96,92,75,1,1,3,0,0,0,3,1,1
2013,31,33,33,27,33,33,25,32,31,2,1,2,0,0,0,4,0,0
2014,0,0,2,0,0,2,0,0,2,0,0,0,0,0,0,0,0,0
2019,2,9,6,2,9,6,2,9,5,0,0,1,0,0,0,0,0,0
2022,0,0,1,0,0,0,0,0,0,0,0,0,0,0,0,0,0,1
2029,0,1,1,0,0,0,0,0,0,0,0,0,0,0,0,0,1,1
2031,0,1,0,0,0,0,0,0,0,0,0,0,0,0,0,0,1,0
2032,2,5,6,2,5,6,2,2,5,0,2,1,0,1,0,0,0,0
2040,0,0,1,0,0,0,0,0,0,0,0,0,0,0,0,0,0,1
2051,0,1,0,0,1,0,0,1,0,0,0,0,0,0,0,0,0,0
2061,1,0,1,1,0,1,0,0,0,1,0,1,0,0,0,0,0,0
2062,3,0,1,3,0,1,3,0,0,0,0,1,0,0,0,0,0,0
2063,10,8,6,9,8,6,5,5,5,3,3,1,1,0,0,1,0,0
2071,6,9,4,5,9,4,2,6,4,2,3,0,1,0,0,1,0,0
2073,0,2,2,0,2,2,0,2,1,0,0,1,0,0,0,0,0,0
2091,0,1,1,0,0,0,0,0,0,0,0,0,0,0,0,0,1,1
2092,1,0,0,0,0,0,0,0,0,0,0,0,0,0,0,1,0,0
2099,8,6,5,8,6,5,6,6,4,1,0,1,1,0,0,0,0,0
2121,10,13,8,8,13,8,6,9,8,2,4,0,0,0,0,2,0,0
2211,0,1,0,0,0,0,0,0,0,0,0,0,0,0,0,0,1,0
2212,7,7,15,6,7,15,6,5,13,0,2,2,0,0,0,1,0,0
2219,19,23,12,18,22,7,16,19,7,1,3,0,1,0,0,1,1,5
2221,2,2,1,2,2,1,2,1,1,0,1,0,0,0,0,0,0,0
2222,27,45,33,27,45,33,22,44,30,3,1,3,2,0,0,0,0,0
2223,1,0,1,1,0,1,1,0,1,0,0,0,0,0,0,0,0,0
2229,55,75,49,55,75,49,43,54,37,10,16,11,2,5,1,0,0,0
2311,1,2,3,1,0,2,1,0,2,0,0,0,0,0,0,0,2,1
2319,25,17,24,23,17,24,21,17,20,2,0,4,0,0,0,2,0,0
2320,43,47,22,39,46,22,35,36,21,4,10,1,0,0,0,4,1,0
2330,69,76,54,62,76,54,55,68,51,7,7,3,0,1,0,7,0,0
2341,1,0,1,1,0,1,1,0,1,0,0,0,0,0,0,0,0,0
2342,55,62,68,38,62,68,33,54,59,4,6,9,1,2,0,17,0,0
2349,15,9,5,8,9,5,6,6,4,0,1,0,2,2,1,7,0,0
2391,402,459,432,350,459,432,293,388,360,54,68,69,3,3,3,52,0,0
2392,1,1,0,1,1,0,1,1,0,0,0,0,0,0,0,0,0,0
2399,32,37,30,29,37,30,28,34,28,1,3,2,0,0,0,3,0,0
2411,36,47,18,36,47,18,33,45,18,3,1,0,0,1,0,0,0,0
2412,3,5,3,3,5,3,3,5,3,0,0,0,0,0,0,0,0,0
2422,28,50,42,27,50,42,25,47,37,2,3,4,0,0,1,1,0,0
2423,36,30,28,36,30,28,34,24,22,2,6,6,0,0,0,0,0,0
2424,2,4,3,2,4,3,2,4,3,0,0,0,0,0,0,0,0,0
2431,42,65,23,41,65,23,35,56,21,6,9,2,0,0,0,1,0,0
2441,0,19,17,0,19,17,0,15,15,0,3,2,0,1,0,0,0,0
2443,1,0,1,0,0,1,0,0,1,0,0,0,0,0,0,1,0,0
2451,3,8,4,3,8,4,3,8,4,0,0,0,0,0,0,0,0,0
2511,184,125,96,177,125,95,161,103,84,15,18,10,1,4,1,7,0,1
2512,12,19,17,11,19,17,10,16,15,1,3,2,0,0,0,1,0,0
2513,22,32,16,22,32,16,16,26,15,3,6,0,3,0,1,0,0,0
2521,4,11,5,4,11,5,4,10,4,0,1,1,0,0,0,0,0,0
2522,0,0,2,0,0,0,0,0,0,0,0,0,0,0,0,0,0,2
2531,4,5,6,4,5,6,3,4,4,1,1,2,0,0,0,0,0,0
2532,14,25,19,14,25,19,12,20,15,2,5,4,0,0,0,0,0,0
2539,23,27,21,22,27,21,22,19,16,0,6,4,0,2,1,1,0,0
2542,8,8,3,8,8,3,7,5,2,1,2,1,0,1,0,0,0,0
2543,1,0,1,1,0,1,1,0,1,0,0,0,0,0,0,0,0,0
2592,1,0,0,1,0,0,0,0,0,1,0,0,0,0,0,0,0,0
2593,2,1,0,2,1,0,1,1,0,0,0,0,1,0,0,0,0,0
2599,56,55,43,56,55,43,52,50,38,4,4,4,0,1,1,0,0,0
2631,1,0,0,1,0,0,1,0,0,0,0,0,0,0,0,0,0,0
2651,3,4,3,3,4,3,3,4,1,0,0,2,0,0,0,0,0,0
2710,96,57,49,96,57,49,63,46,35,32,9,10,1,2,4,0,0,0
2721,0,0,1,0,0,0,0,0,0,0,0,0,0,0,0,0,0,1
2731,3,2,3,3,2,3,3,0,0,0,1,0,0,1,3,0,0,0
2733,9,14,17,9,14,17,8,12,13,1,1,1,0,1,3,0,0,0
2751,0,0,1,0,0,1,0,0,1,0,0,0,0,0,0,0,0,0
2790,0,1,0,0,1,0,0,1,0,0,0,0,0,0,0,0,0,0
2811,0,1,1,0,0,1,0,0,1,0,0,0,0,0,0,0,1,0
2812,1,5,4,1,4,4,1,3,3,0,1,1,0,0,0,0,1,0
2813,0,3,0,0,3,0,0,1,0,0,2,0,0,0,0,0,0,0
2815,1,0,0,1,0,0,0,0,0,1,0,0,0,0,0,0,0,0
2822,5,4,4,5,4,4,3,3,3,1,1,1,1,0,0,0,0,0
2823,4,1,1,3,1,1,2,1,0,1,0,1,0,0,0,1,0,0
2825,1,9,1,0,9,1,0,7,1,0,2,0,0,0,0,1,0,0
2829,9,8,16,8,8,16,8,6,13,0,2,2,0,0,1,1,0,0
2831,0,1,0,0,0,0,0,0,0,0,0,0,0,0,0,0,1,0
2833,8,5,7,8,5,7,8,5,6,0,0,1,0,0,0,0,0,0
2840,3,1,1,3,1,1,3,1,1,0,0,0,0,0,0,0,0,0
2851,1,0,0,1,0,0,1,0,0,0,0,0,0,0,0,0,0,0
2852,0,1,1,0,1,1,0,0,1,0,1,0,0,0,0,0,0,0
2861,2,3,6,2,3,6,1,3,6,1,0,0,0,0,0,0,0,0
2862,1,4,4,1,4,4,1,4,3,0,0,1,0,0,0,0,0,0
2869,6,15,14,6,15,14,6,9,9,0,6,4,0,0,1,0,0,0
2910,0,2,1,0,0,0,0,0,0,0,0,0,0,0,0,0,2,1
2920,1,2,10,1,2,9,1,2,9,0,0,0,0,0,0,0,0,1
2930,15,10,19,14,10,19,13,9,18,0,1,1,1,0,0,1,0,0
2941,1,1,0,1,1,0,1,1,0,0,0,0,0,0,0,0,0,0
2949,1,1,0,1,1,0,1,0,0,0,1,0,0,0,0,0,0,0
2950,0,0,1,0,0,1,0,0,0,0,0,1,0,0,0,0,0,0
3011,1,37,108,1,37,108,1,36,104,0,1,3,0,0,1,0,0,0
3032,4,11,5,4,11,5,3,7,5,1,3,0,0,1,0,0,0,0
3099,1,0,0,1,0,0,1,0,0,0,0,0,0,0,0,0,0,0
3101,107,139,120,95,139,120,80,127,105,15,10,15,0,2,0,12,0,0
3102,16,19,20,14,19,20,12,16,18,1,3,2,1,0,0,2,0,0
3103,0,1,0,0,1,0,0,0,0,0,1,0,0,0,0,0,0,0
3104,5,12,4,5,12,4,5,12,4,0,0,0,0,0,0,0,0,0
3211,1,1,0,1,1,0,1,0,0,0,1,0,0,0,0,0,0,0
3230,1,1,1,1,0,0,1,0,0,0,0,0,0,0,0,0,1,1
3240,0,1,0,0,1,0,0,1,0,0,0,0,0,0,0,0,0,0
3250,0,4,2,0,4,2,0,2,1,0,2,1,0,0,0,0,0,0
3291,2,7,8,2,2,1,2,1,1,0,1,0,0,0,0,0,5,7
3299,2,4,0,2,4,0,0,3,0,2,1,0,0,0,0,0,0,0
3311,1,2,0,1,2,0,1,2,0,0,0,0,0,0,0,0,0,0
3312,3,2,2,3,2,2,2,0,1,1,2,1,0,0,0,0,0,0
3313,1,7,3,1,7,3,0,7,1,1,0,2,0,0,0,0,0,0
3314,98,79,72,95,79,72,73,60,47,21,17,24,1,2,1,3,0,0
3317,9,3,12,8,3,12,8,3,11,0,0,1,0,0,0,1,0,0
3319,4,5,5,4,5,5,3,5,5,1,0,0,0,0,0,0,0,0
3321,7,4,7,7,4,7,7,2,6,0,1,1,0,1,0,0,0,0
3329,9,11,3,9,11,3,7,10,3,2,1,0,0,0,0,0,0,0
3511,0,4,2,0,2,2,0,0,1,0,2,1,0,0,0,0,2,0
3512,0,2,1,0,2,1,0,1,1,0,1,0,0,0,0,0,0,0
3514,10,18,29,9,18,29,6,13,28,1,4,1,2,1,0,1,0,0
3530,1,0,0,1,0,0,0,0,0,1,0,0,0,0,0,0,0,0
3600,48,42,39,45,42,39,31,32,26,13,10,13,1,0,0,3,0,0
3701,0,0,4,0,0,4,0,0,3,0,0,1,0,0,0,0,0,0
3702,13,8,17,10,8,17,7,8,14,3,0,3,0,0,0,3,0,0
3811,254,286,203,250,286,203,217,264,183,33,21,19,0,1,1,4,0,0
3812,6,9,1,6,9,1,5,9,1,1,0,0,0,0,0,0,0,0
3821,39,26,31,34,26,31,30,21,25,4,4,6,0,1,0,5,0,0
3822,48,65,74,46,65,74,40,60,71,6,5,3,0,0,0,2,0,0
3831,5,9,18,4,9,18,4,8,13,0,1,5,0,0,0,1,0,0
3832,0,3,2,0,3,2,0,2,2,0,1,0,0,0,0,0,0,0
3839,5,2,8,5,2,8,2,1,7,2,1,1,1,0,0,0,0,0
3900,0,1,2,0,1,2,0,0,0,0,1,2,0,0,0,0,0,0
4110,224,202,122,208,202,122,189,180,108,17,22,11,2,0,3,16,0,0
4120,437,382,293,399,380,290,344,323,238,50,49,44,5,8,8,38,2,3
4211,120,109,78,107,109,78,90,93,68,17,16,8,0,0,2,13,0,0
4212,19,17,16,15,17,16,13,16,11,2,1,5,0,0,0,4,0,0
4213,18,17,25,16,17,25,12,15,13,4,2,12,0,0,0,2,0,0
4221,70,71,57,68,62,44,64,47,37,2,15,7,2,0,0,2,9,13
4222,23,7,21,22,7,21,17,7,18,5,0,3,0,0,0,1,0,0
4223,4,0,0,4,0,0,1,0,0,3,0,0,0,0,0,0,0,0
4291,5,35,14,5,35,14,5,33,12,0,1,0,0,1,2,0,0,0
4292,116,63,42,105,63,42,94,51,33,11,11,9,0,1,0,11,0,0
4299,50,23,17,44,23,17,36,21,14,8,1,2,0,1,1,6,0,0
4311,0,2,2,0,2,2,0,2,2,0,0,0,0,0,0,0,0,0
4312,2,1,0,2,1,0,2,0,0,0,1,0,0,0,0,0,0,0
4313,11,16,19,11,16,19,8,10,16,3,6,3,0,0,0,0,0,0
4319,0,2,0,0,2,0,0,1,0,0,1,0,0,0,0,0,0,0
4321,59,51,84,51,51,84,38,36,59,13,15,25,0,0,0,8,0,0
4322,20,18,17,19,18,17,10,10,12,9,8,5,0,0,0,1,0,0
4329,46,26,15,38,26,15,23,21,11,2,5,4,13,0,0,8,0,0
4330,37,38,19,30,38,19,19,29,16,10,8,3,1,1,0,7,0,0
4391,9,15,11,9,15,11,7,13,11,2,2,0,0,0,0,0,0,0
4399,82,80,68,77,80,68,58,71,51,19,9,17,0,0,0,5,0,0
4511,75,69,51,68,68,51,48,45,37,16,23,13,4,0,1,7,1,0
4512,3,0,1,2,0,0,2,0,0,0,0,0,0,0,0,1,0,1
4520,95,69,72,86,69,72,65,55,55,19,14,17,2,0,0,9,0,0
4530,94,100,95,86,100,95,65,65,63,21,32,30,0,3,2,8,0,0
4541,20,19,22,18,17,22,6,7,8,12,10,13,0,0,1,2,2,0
4543,1,1,0,1,1,0,0,1,0,1,0,0,0,0,0,0,0,0
4616,2,0,0,2,0,0,2,0,0,0,0,0,0,0,0,0,0,0
4617,4,3,2,3,3,2,0,3,2,3,0,0,0,0,0,1,0,0
4619,2,2,1,2,2,1,1,0,1,1,1,0,0,1,0,0,0,0
4621,25,19,13,24,19,13,22,13,9,2,6,4,0,0,0,1,0,0
4623,5,1,0,5,1,0,4,0,0,0,1,0,1,0,0,0,0,0
4631,6,3,4,6,3,4,4,3,3,2,0,1,0,0,0,0,0,0
4632,4,7,6,4,7,6,3,6,6,1,1,0,0,0,0,0,0,0
4633,23,28,27,23,28,27,20,19,15,3,7,12,0,2,0,0,0,0
4634,14,28,6,13,28,6,11,15,6,0,7,0,2,6,0,1,0,0
4635,73,56,64,68,56,64,47,44,44,21,11,20,0,1,0,5,0,0
4636,0,1,1,0,1,1,0,1,0,0,0,1,0,0,0,0,0,0
4637,11,14,15,10,14,15,6,8,8,4,6,7,0,0,0,1,0,0
4639,58,63,54,51,63,54,36,47,39,14,16,15,1,0,0,7,0,0
4641,15,17,12,15,17,12,11,14,9,4,3,3,0,0,0,0,0,0
4642,3,5,4,3,5,4,3,2,3,0,3,1,0,0,0,0,0,0
4643,2,5,1,2,5,1,1,4,0,1,1,1,0,0,0,0,0,0
4644,12,15,5,11,15,5,9,6,5,1,8,0,1,1,0,1,0,0
4645,3,3,2,3,3,2,2,2,2,1,1,0,0,0,0,0,0,0
4646,2,4,5,1,4,5,0,2,2,1,2,3,0,0,0,1,0,0
4647,6,3,3,4,3,3,4,3,2,0,0,1,0,0,0,2,0,0
4649,12,9,12,12,9,12,9,9,8,3,0,4,0,0,0,0,0,0
4651,0,2,3,0,2,3,0,1,1,0,1,1,0,0,1,0,0,0
4652,1,2,3,1,2,3,0,1,2,0,1,1,1,0,0,0,0,0
4661,10,2,12,8,2,12,5,2,11,3,0,1,0,0,0,2,0,0
4662,9,11,11,8,11,11,8,7,9,0,4,2,0,0,0,1,0,0
4663,12,7,6,12,7,6,9,6,6,3,1,0,0,0,0,0,0,0
4664,1,5,1,1,5,1,1,5,1,0,0,0,0,0,0,0,0,0
4665,0,0,1,0,0,1,0,0,1,0,0,0,0,0,0,0,0,0
4669,4,3,9,3,3,9,1,1,7,2,2,2,0,0,0,1,0,0
4671,2,1,2,2,1,2,2,1,2,0,0,0,0,0,0,0,0,0
4672,22,13,14,21,13,14,18,9,14,3,4,0,0,0,0,1,0,0
4673,4,3,4,3,3,4,2,3,2,1,0,2,0,0,0,1,0,0
4674,1,2,1,1,2,1,1,2,1,0,0,0,0,0,0,0,0,0
4679,33,25,42,29,25,42,21,18,34,8,7,8,0,0,0,4,0,0
4681,6,3,10,5,3,10,3,2,9,2,1,1,0,0,0,1,0,0
4682,38,43,47,33,43,47,28,41,43,4,2,2,1,0,2,5,0,0
4683,2,3,6,2,3,6,2,0,4,0,3,2,0,0,0,0,0,0
4684,5,3,2,5,3,2,2,3,2,2,0,0,1,0,0,0,0,0
4685,22,35,22,22,35,22,21,29,22,1,6,0,0,0,0,0,0,0
4686,2,1,1,2,1,1,2,0,0,0,1,1,0,0,0,0,0,0
4687,32,22,31,28,22,31,27,21,29,1,1,2,0,0,0,4,0,0
4689,25,13,9,23,13,9,19,10,8,3,3,1,1,0,0,2,0,0
4691,5,6,11,5,6,11,4,4,7,1,2,4,0,0,0,0,0,0
4692,1,7,9,1,7,9,1,7,1,0,0,8,0,0,0,0,0,0
4693,80,67,69,76,67,69,53,53,52,22,14,17,1,0,0,4,0,0
4711,315,435,469,281,435,469,231,372,400,49,56,66,1,7,3,34,0,0
4712,26,21,20,20,21,20,14,11,13,6,10,7,0,0,0,6,0,0
4713,69,59,33,67,59,33,43,42,21,21,17,12,3,0,0,2,0,0
4721,45,26,28,38,26,28,27,18,23,11,5,5,0,3,0,7,0,0
4722,7,8,8,5,8,8,3,3,6,2,4,2,0,1,0,2,0,0
4723,13,5,5,12,5,5,7,3,2,5,2,2,0,0,1,1,0,0
4724,26,22,19,25,22,19,20,18,14,5,4,5,0,0,0,1,0,0
4729,12,9,9,11,9,9,8,6,4,3,2,5,0,1,0,1,0,0
4731,41,33,22,38,33,22,14,14,9,24,19,13,0,0,0,3,0,0
4741,8,15,5,7,15,5,5,10,1,2,5,4,0,0,0,1,0,0
4742,14,23,16,14,23,16,11,21,13,3,2,3,0,0,0,0,0,0
4743,12,15,7,11,15,7,6,13,4,5,2,3,0,0,0,1,0,0
4744,129,110,84,112,110,84,80,82,57,29,27,25,3,1,2,17,0,0
4751,18,8,8,15,8,8,5,7,4,10,1,4,0,0,0,3,0,0
4752,6,11,6,6,11,6,2,4,2,4,7,4,0,0,0,0,0,0
4753,26,29,20,24,29,20,15,23,10,7,6,10,2,0,0,2,0,0
4754,45,44,47,39,44,47,23,24,22,15,20,23,1,0,2,6,0,0
4755,10,5,4,10,5,4,5,0,2,5,5,2,0,0,0,0,0,0
4756,0,1,2,0,1,2,0,0,1,0,1,1,0,0,0,0,0,0
4757,2,5,2,1,5,2,0,3,0,1,2,2,0,0,0,1,0,0
4759,11,4,2,9,4,2,7,3,1,2,1,1,0,0,0,2,0,0
4761,5,7,7,5,7,7,4,3,4,1,4,3,0,0,0,0,0,0
4762,0,1,0,0,1,0,0,0,0,0,1,0,0,0,0,0,0,0
4763,4,6,7,4,6,7,3,2,3,1,4,4,0,0,0,0,0,0
4771,44,51,45,39,51,45,23,25,21,16,26,24,0,0,0,5,0,0
4772,6,7,6,5,7,6,2,5,4,2,2,1,1,0,1,1,0,0
4773,0,3,0,0,3,0,0,1,0,0,2,0,0,0,0,0,0,0
4774,4,4,7,4,4,7,3,0,2,1,3,5,0,1,0,0,0,0
4781,70,73,69,62,73,69,38,38,36,23,34,33,1,1,0,8,0,0
4782,25,21,32,21,21,32,15,15,16,5,6,15,1,0,1,4,0,0
4783,0,3,3,0,3,3,0,2,2,0,1,1,0,0,0,0,0,0
4784,16,18,15,14,18,15,8,12,10,6,6,4,0,0,1,2,0,0
4785,0,0,1,0,0,1,0,0,1,0,0,0,0,0,0,0,0,0
4789,54,49,38,48,49,38,30,35,20,18,14,18,0,0,0,6,0,0
4911,46,31,46,45,31,46,38,26,38,7,4,5,0,1,3,1,0,0
4921,97,112,95,80,112,95,41,69,62,36,41,33,3,2,0,17,0,0
4922,35,33,22,21,33,22,18,20,11,3,13,11,0,0,0,14,0,0
4923,4,2,3,4,2,3,2,1,1,2,1,2,0,0,0,0,0,0
4924,2,1,2,1,1,2,1,1,1,0,0,1,0,0,0,1,0,0
4929,13,11,7,11,11,7,6,5,4,5,5,2,0,1,1,2,0,0
4930,497,449,371,448,449,371,328,331,284,118,111,83,2,7,4,49,0,0
4940,5,16,7,5,16,7,5,12,7,0,4,0,0,0,0,0,0,0
5011,6,4,5,5,4,5,5,3,5,0,1,0,0,0,0,1,0,0
5012,0,1,0,0,1,0,0,1,0,0,0,0,0,0,0,0,0,0
5030,40,20,19,38,18,19,33,11,17,5,7,2,0,0,0,2,2,0
5111,16,16,12,16,11,10,10,9,9,6,2,1,0,0,0,0,5,2
5112,3,4,3,3,4,2,3,4,2,0,0,0,0,0,0,0,0,1
5211,26,26,27,25,26,26,21,22,20,4,4,6,0,0,0,1,0,1
5212,43,47,43,38,42,38,28,32,33,10,8,5,0,2,0,5,5,5
5221,8,18,24,8,17,24,6,9,19,2,8,5,0,0,0,0,1,0
5222,0,1,1,0,1,1,0,1,1,0,0,0,0,0,0,0,0,0
5223,4,2,8,4,2,8,2,0,4,1,2,4,1,0,0,0,0,0
5229,11,11,10,7,10,9,7,7,7,0,3,2,0,0,0,4,1,1
5231,70,66,89,68,66,89,53,51,78,15,15,10,0,0,1,2,0,0
5232,5,11,2,5,9,2,1,6,1,4,3,1,0,0,0,0,2,0
5239,11,8,9,11,8,9,10,6,7,1,2,2,0,0,0,0,0,0
5240,15,7,4,15,7,4,13,6,2,2,1,2,0,0,0,0,0,0
5250,85,57,61,82,57,61,66,39,32,16,17,27,0,1,2,3,0,0
5310,158,141,135,149,141,135,104,98,100,31,29,17,14,14,18,9,0,0
5320,57,39,22,53,39,22,26,28,12,27,11,10,0,0,0,4,0,0
5510,43,35,40,38,35,40,31,31,30,7,4,9,0,0,1,5,0,0
5590,1,1,0,0,1,0,0,0,0,0,1,0,0,0,0,1,0,0
5611,226,197,165,208,197,165,164,132,118,39,58,42,5,7,5,18,0,0
5612,1,0,5,1,0,5,0,0,1,1,0,4,0,0,0,0,0,0
5620,100,109,89,91,109,89,81,87,73,9,21,15,1,1,1,9,0,0
5811,1,1,0,1,1,0,1,0,0,0,1,0,0,0,0,0,0,0
5812,0,2,2,0,2,2,0,1,2,0,1,0,0,0,0,0,0,0
5819,0,1,0,0,1,0,0,1,0,0,0,0,0,0,0,0,0,0
5821,2,0,0,2,0,0,0,0,0,2,0,0,0,0,0,0,0,0
5822,17,18,30,17,18,30,13,9,21,4,8,9,0,1,0,0,0,0
5829,0,2,2,0,2,2,0,1,2,0,1,0,0,0,0,0,0,0
5914,0,3,4,0,3,4,0,3,2,0,0,2,0,0,0,0,0,0
6010,3,2,0,3,2,0,1,1,0,2,1,0,0,0,0,0,0,0
6021,6,10,5,6,10,5,5,10,3,1,0,2,0,0,0,0,0,0
6110,5,12,7,5,12,7,3,10,6,2,2,1,0,0,0,0,0,0
6120,1,7,2,1,7,2,1,1,0,0,6,2,0,0,0,0,0,0
6141,7,4,0,6,4,0,5,3,0,1,1,0,0,0,0,1,0,0
6142,1,1,0,1,1,0,0,1,0,1,0,0,0,0,0,0,0,0
6190,9,16,14,8,16,14,4,10,11,4,6,3,0,0,0,1,0,0
6201,5,25,31,5,5,8,1,2,2,4,2,6,0,1,0,0,20,23
6202,1,3,1,0,3,1,0,1,1,0,2,0,0,0,0,1,0,0
6203,1,2,1,1,2,1,0,0,0,1,2,1,0,0,0,0,0,0
6204,4,4,6,4,4,6,3,1,2,1,3,4,0,0,0,0,0,0
6209,8,7,11,7,7,11,2,5,5,5,2,5,0,0,1,1,0,0
6311,0,6,5,0,5,2,0,2,0,0,3,2,0,0,0,0,1,3
6319,1,1,1,0,1,1,0,0,1,0,1,0,0,0,0,1,0,0
6399,0,0,1,0,0,1,0,0,0,0,0,1,0,0,0,0,0,0
6421,2,6,11,2,6,11,1,2,8,1,1,2,0,3,1,0,0,0
6422,63,48,42,55,48,42,37,28,17,7,8,22,11,12,3,8,0,0
6423,8,11,9,7,11,9,2,3,5,2,6,3,3,2,1,1,0,0
6424,2,1,2,2,1,2,1,0,1,1,1,1,0,0,0,0,0,0
6433,1,1,0,1,1,0,0,1,0,1,0,0,0,0,0,0,0,0
6436,4,1,0,4,1,0,1,0,0,3,1,0,0,0,0,0,0,0
6462,5,3,6,5,3,6,5,1,4,0,2,2,0,0,0,0,0,0
6463,0,0,1,0,0,1,0,0,1,0,0,0,0,0,0,0,0,0
6470,0,1,0,0,1,0,0,1,0,0,0,0,0,0,0,0,0,0
6493,3,1,1,3,1,1,1,0,0,2,1,1,0,0,0,0,0,0
6512,1,1,1,1,1,1,0,1,1,1,0,0,0,0,0,0,0,0
6542,0,1,0,0,1,0,0,1,0,0,0,0,0,0,0,0,0,0
6550,22,33,23,22,33,23,10,10,13,12,23,10,0,0,0,0,0,0
6613,1,5,0,1,5,0,0,3,0,1,2,0,0,0,0,0,0,0
6621,0,2,4,0,0,2,0,0,0,0,0,2,0,0,0,0,2,2
6622,2,1,1,2,1,1,1,0,1,1,1,0,0,0,0,0,0,0
6810,62,19,7,59,19,7,55,15,7,2,4,0,2,0,0,3,0,0
6821,2,1,1,2,1,1,0,0,1,2,1,0,0,0,0,0,0,0
6822,12,13,6,12,13,6,5,9,4,7,4,2,0,0,0,0,0,0
6911,1,0,4,1,0,4,0,0,2,1,0,2,0,0,0,0,0,0
6912,2,2,0,2,2,0,1,0,0,1,2,0,0,0,0,0,0,0
6920,35,45,28,31,45,28,14,16,11,16,29,16,1,0,1,4,0,0
7010,1,1,0,1,0,0,1,0,0,0,0,0,0,0,0,0,1,0
7020,9,10,12,9,10,12,4,6,8,5,4,4,0,0,0,0,0,0
7111,1,3,1,1,3,1,1,3,1,0,0,0,0,0,0,0,0,0
7112,79,95,66,79,95,66,57,78,56,22,17,10,0,0,0,0,0,0
7119,39,11,18,37,11,18,31,5,12,6,6,6,0,0,0,2,0,0
7120,5,9,5,5,9,5,4,3,3,1,6,2,0,0,0,0,0,0
7210,2,2,5,2,2,5,1,2,1,1,0,4,0,0,0,0,0,0
7220,0,1,1,0,0,0,0,0,0,0,0,0,0,0,0,0,1,1
7311,0,3,2,0,2,2,0,1,2,0,1,0,0,0,0,0,1,0
7312,0,2,0,0,2,0,0,1,0,0,1,0,0,0,0,0,0,0
7319,3,6,11,2,6,11,2,2,8,0,4,3,0,0,0,1,0,0
7320,0,0,1,0,0,1,0,0,0,0,0,1,0,0,0,0,0,0
7420,0,6,0,0,2,0,0,0,0,0,2,0,0,0,0,0,4,0
7490,14,11,8,14,11,8,7,4,5,7,7,0,0,0,3,0,0,0
7500,0,2,0,0,2,0,0,0,0,0,2,0,0,0,0,0,0,0
7711,19,24,14,19,24,14,16,19,10,3,5,2,0,0,2,0,0,0
7719,5,3,4,5,3,4,5,1,3,0,2,1,0,0,0,0,0,0
7722,0,0,2,0,0,2,0,0,1,0,0,1,0,0,0,0,0,0
7723,0,0,2,0,0,2,0,0,1,0,0,1,0,0,0,0,0,0
7729,0,2,1,0,2,1,0,1,1,0,1,0,0,0,0,0,0,0
7731,1,2,1,1,2,1,1,2,1,0,0,0,0,0,0,0,0,0
7732,46,41,25,41,41,25,35,32,17,6,6,8,0,3,0,5,0,0
7733,3,0,0,2,0,0,2,0,0,0,0,0,0,0,0,1,0,0
7739,17,19,18,15,19,18,6,12,12,9,7,5,0,0,1,2,0,0
7740,0,1,0,0,1,0,0,0,0,0,1,0,0,0,0,0,0,0
7810,21,24,23,19,24,23,10,15,12,9,9,11,0,0,0,2,0,0
7820,67,61,34,65,61,34,43,39,20,22,21,14,0,1,0,2,0,0
7830,14,14,16,12,14,16,9,9,6,3,5,10,0,0,0,2,0,0
7911,0,1,2,0,1,2,0,0,2,0,1,0,0,0,0,0,0,0
8011,139,122,145,135,122,145,38,37,36,97,85,108,0,0,1,4,0,0
8012,30,28,39,28,27,39,16,15,17,12,12,22,0,0,0,2,1,0
8020,30,30,45,29,30,45,14,19,33,15,11,12,0,0,0,1,0,0
8111,18,25,27,16,25,27,5,6,15,10,18,12,1,1,0,2,0,0
8112,157,151,128,141,151,128,111,121,96,29,26,29,1,4,3,16,0,0
8121,179,78,94,152,78,94,95,37,41,57,38,50,0,3,3,27,0,0
8122,6,10,4,4,10,4,2,4,2,2,5,2,0,1,0,2,0,0
8129,27,28,34,25,28,34,19,23,27,6,4,7,0,1,0,2,0,0
8130,3,2,1,3,2,1,2,2,0,1,0,1,0,0,0,0,0,0
8211,42,33,45,36,33,44,16,13,28,20,20,16,0,0,0,6,0,1
8219,9,6,8,8,6,8,5,2,3,3,2,5,0,2,0,1,0,0
8220,22,33,30,21,29,30,12,9,14,9,20,14,0,0,2,1,4,0
8230,3,20,3,3,20,3,3,17,2,0,3,1,0,0,0,0,0,0
8291,9,14,9,9,13,8,2,3,5,7,10,3,0,0,0,0,1,1
8292,2,0,0,2,0,0,1,0,0,1,0,0,0,0,0,0,0,0
8299,32,41,49,30,41,49,15,18,26,13,23,23,2,0,0,2,0,0
8411,523,564,466,412,564,466,278,401,293,124,162,170,10,1,3,111,0,0
8412,71,73,53,65,73,53,49,47,41,16,26,12,0,0,0,6,0,0
8413,0,1,0,0,1,0,0,1,0,0,0,0,0,0,0,0,0,0
8422,0,0,2,0,0,2,0,0,2,0,0,0,0,0,0,0,0,0
8423,4,7,0,3,7,0,1,2,0,2,5,0,0,0,0,1,0,0
8424,16,17,20,9,17,20,6,13,8,3,4,12,0,0,0,7,0,0
8430,0,1,0,0,1,0,0,1,0,0,0,0,0,0,0,0,0,0
8511,3,30,26,3,5,6,3,4,3,0,0,3,0,1,0,0,25,20
8512,2,2,2,2,2,2,2,1,1,0,1,1,0,0,0,0,0,0
8513,29,42,42,28,41,42,16,25,30,10,14,12,2,2,0,1,1,0
8520,14,9,9,14,9,9,5,6,7,9,3,2,0,0,0,0,0,0
8531,32,17,16,31,17,16,24,13,8,6,4,8,1,0,0,1,0,0
8532,12,18,25,12,18,25,7,14,20,5,4,5,0,0,0,0,0,0
8533,5,7,9,5,7,9,4,5,5,1,2,4,0,0,0,0,0,0
8541,4,8,3,2,8,3,2,8,3,0,0,0,0,0,0,2,0,0
8550,0,1,0,0,1,0,0,1,0,0,0,0,0,0,0,0,0,0
8591,1,0,1,1,0,1,1,0,1,0,0,0,0,0,0,0,0,0
8593,4,1,4,2,1,4,1,1,0,1,0,4,0,0,0,2,0,0
8599,37,47,44,37,47,44,24,27,27,10,19,15,3,1,2,0,0,0
8610,1667,1671,1774,1634,1671,1774,1446,1462,1512,183,201,236,5,8,26,33,0,0
8621,4,7,19,4,7,19,2,6,10,2,1,9,0,0,0,0,0,0
8630,149,171,133,147,171,133,120,142,103,27,29,30,0,0,0,2,0,0
8640,98,109,125,93,109,125,81,89,97,11,20,27,1,0,1,5,0,0
8650,2,1,4,1,1,4,1,1,2,0,0,2,0,0,0,1,0,0
8660,1,19,84,1,19,84,1,15,67,0,3,17,0,1,0,0,0,0
8690,19,19,22,16,19,22,10,12,19,6,7,3,0,0,0,3,0,0
8711,5,6,5,4,6,5,1,4,4,3,2,1,0,0,0,1,0,0
8712,11,19,16,11,19,16,9,6,7,2,13,9,0,0,0,0,0,0
8720,5,10,5,4,10,5,0,7,3,4,3,2,0,0,0,1,0,0
8730,0,1,1,0,1,1,0,0,1,0,0,0,0,1,0,0,0,0
8800,36,41,48,36,41,48,23,23,32,13,17,16,0,1,0,0,0,0
9001,4,1,3,4,1,3,4,1,3,0,0,0,0,0,0,0,0,0
9003,0,0,1,0,0,1,0,0,1,0,0,0,0,0,0,0,0,0
9103,0,3,1,0,3,1,0,3,1,0,0,0,0,0,0,0,0,0
9312,5,8,9,4,8,9,2,6,6,1,1,3,1,1,0,1,0,0
9313,4,5,3,4,5,3,3,2,2,1,3,1,0,0,0,0,0,0
9319,11,9,8,11,9,8,10,5,7,1,4,1,0,0,0,0,0,0
9321,3,6,2,2,6,2,2,5,2,0,1,0,0,0,0,1,0,0
9329,18,14,17,18,14,17,11,7,10,7,7,7,0,0,0,0,0,0
9411,1,2,3,1,2,3,0,2,0,1,0,3,0,0,0,0,0,0
9412,8,4,6,3,4,6,0,2,1,1,2,5,2,0,0,5,0,0
9420,13,7,7,13,7,7,3,2,3,6,3,3,4,2,1,0,0,0
9430,75,105,32,70,105,32,49,80,23,19,24,9,2,1,0,5,0,0
9491,24,17,19,21,17,19,18,12,15,3,4,3,0,1,1,3,0,0
9492,1,0,0,1,0,0,1,0,0,0,0,0,0,0,0,0,0,0
9493,9,3,0,8,3,0,7,3,0,1,0,0,0,0,0,1,0,0
9499,53,62,82,51,62,82,46,56,58,5,6,24,0,0,0,2,0,0
9511,8,6,5,8,6,5,4,1,4,4,5,1,0,0,0,0,0,0
9512,2,1,4,2,1,4,1,0,2,1,1,2,0,0,0,0,0,0
9521,5,4,6,5,4,6,3,1,4,2,3,2,0,0,0,0,0,0
9529,6,15,8,6,15,8,6,9,5,0,5,3,0,1,0,0,0,0
9601,12,11,4,11,11,4,10,8,2,1,3,2,0,0,0,1,0,0
9602,4,3,3,3,3,3,2,2,1,1,1,2,0,0,0,1,0,0
9603,1,5,4,1,5,4,0,2,3,1,3,1,0,0,0,0,0,0
9609,3,3,2,2,3,2,2,2,1,0,1,1,0,0,0,1,0,0
9700,1,0,0,1,0,0,1,0,0,0,0,0,0,0,0,0,0,0
